id_case,id_progen,links,t_diff_median_days,dist_diff_meters,prob,scenario
9,,1000,,,1,1
4,9,1000,17,0,1,1
2,1,761,3,20530.1205158694,0.761,1
3,1,1000,6,0,1,1
5,1,472,11,10528.1831983032,0.472,1
6,4,568,38,2535.71856193369,0.568,1
7,5,913,17,0,0.913,1
15,5,751,18,0,0.751,1
10,2,993,29,2411.97395529211,0.993,1
14,7,420,15,1159.93288674326,0.42,1
13,3,504,40,0,0.504,1
16,10,978,21,0,0.978,1
17,15,278,33,0,0.278,1
20,23,895,10,0,0.895,1
18,16,736,17,2817.93651238023,0.736,1
21,18,949,10,0,0.949,1
22,16,627,28,0,0.627,1
23,13,495,13,1893.50318128421,0.495,1
28,45,483,45,0,0.483,1
33,20,531,25,0,0.531,1
30,17,344,40,1241.94210276506,0.344,1
31,17,213,23,5012.23495375645,0.213,1
34,30,359,6,1241.94210276506,0.359,1
35,30,871,7,0,0.871,1
37,21,485,30,2193.55162714132,0.485,1
39,35,436,9,1984.31854577717,0.436,1
38,34,320,14,4545.81426775876,0.32,1
42,38,137,22,18963.2064930177,0.137,1
43,42,961,8,4677.23007578044,0.961,1
44,41,370,23,4299.34607887807,0.37,1
48,41,470,57,2445.1682977298,0.47,1
59,53,449,9,4817.32916290832,0.449,1
56,53,576,12,12723.7144807407,0.576,1
58,56,517,30,8521.82323949562,0.517,1
62,43,629,130,9003.42045404616,0.629,1
61,62,1000,8,0,1,1
63,33,388,207,0,0.388,1
65,63,917,18,6281.18404371179,0.917,1
45,75,964,14,0,0.964,1
46,14,751,7,0,0.751,1
1,4,688,26,14521.9696089041,0.688,1
29,22,211,6,11541.1369044193,0.211,1
40,21,456,55,0,0.456,1
41,37,226,23,8204.73935283055,0.226,1
53,41,504,88,0,0.504,1
75,3,345,24,4820.3580457572,0.345,1
9,,1000,,,1,2
4,9,1000,17,1543.60695988611,1,2
2,1,726,3,20739.6826079636,0.726,2
3,1,991,6,1147.81695583796,0.991,2
5,1,452,11,11476.8421957676,0.452,2
6,4,583,38,2443.00131740967,0.583,2
7,5,908,17,646.167687157986,0.908,2
15,5,749,18,616.165266981129,0.749,2
10,2,995,29,2240.01281661631,0.995,2
14,15,416,14,1274.89047178105,0.416,2
13,3,364,40,911.550121464094,0.364,2
16,10,889,21,1060.6840885865,0.889,2
17,46,320,12,1129.80175722465,0.32,2
20,23,660,10,975.279950726952,0.66,2
18,16,696,17,2546.1493288346,0.696,2
21,18,777,10,946.372894545174,0.777,2
22,16,378,28,853.639010662108,0.378,2
23,13,417,13,2344.74393791092,0.417,2
28,20,315,20,2605.85693442237,0.315,2
33,20,352,25,921.621922419747,0.352,2
30,17,354,40,1143.77762167944,0.354,2
31,17,251,23,4735.8926600524,0.251,2
34,30,507,6,1118.73568002591,0.507,2
35,30,632,7,735.414866761897,0.632,2
37,21,449,30,2157.00192582667,0.449,2
39,35,383,9,2188.35833342522,0.383,2
38,34,323,14,3912.32202103912,0.323,2
42,38,133,22,19231.190766325,0.133,2
43,42,940,8,5442.4437725387,0.94,2
44,40,381,24,5282.58873000287,0.381,2
48,41,523,57,1815.53822722989,0.523,2
59,53,455,9,5603.36586701174,0.455,2
56,53,483,11,13811.2468106538,0.483,2
58,56,589,30,7844.95229711008,0.589,2
62,43,650,130,8263.26720968301,0.65,2
61,62,1000,8,1696.08653179464,1,2
63,33,232,207,713.702809779659,0.232,2
65,63,901,18,7011.74961192185,0.901,2
45,75,808,14,1719.65411266498,0.808,2
46,14,527,7,660.417979709449,0.527,2
1,4,694,26,14566.9613887202,0.694,2
29,22,210,7,11738.6337607289,0.21,2
40,37,416,24,1985.7283601995,0.416,2
41,37,274,24,8004.49570016817,0.274,2
53,48,789,30,2100.45781351621,0.789,2
75,3,376,24,4701.13712329859,0.376,2
9,,1000,,,1,3
4,9,1000,17,0,1,3
6,4,566,38,2535.71856193369,0.566,3
7,5,789,17,0,0.789,3
10,2,946,29,2411.97395529211,0.946,3
13,3,528,40,0,0.528,3
17,15,423,33,0,0.423,3
20,23,905,10,0,0.905,3
22,16,634,28,0,0.634,3
23,13,688,13,1893.50318128421,0.688,3
33,20,552,25,0,0.552,3
37,21,956,30,2193.55162714132,0.956,3
39,35,410,9,1984.31854577717,0.41,3
38,34,312,14,4545.81426775876,0.312,3
42,38,134,22,18963.2064930177,0.134,3
43,42,968,8,4677.23007578044,0.968,3
44,41,406,23,4299.34607887807,0.406,3
48,41,466,58,2445.1682977298,0.466,3
59,53,420,9,4817.32916290832,0.42,3
56,53,560,12,12723.7144807407,0.56,3
58,56,522,30,8521.82323949562,0.522,3
62,43,619,130,9003.42045404616,0.619,3
61,62,1000,8,0,1,3
63,33,354,207,0,0.354,3
65,63,919,18,6281.18404371179,0.919,3
46,14,720,7,0,0.72,3
1,4,687,26,14521.9696089041,0.687,3
40,21,440,55,0,0.44,3
41,37,231,24,8204.73935283055,0.231,3
53,48,478,29,2445.1682977298,0.478,3
16,10,889,21,0,0.889,3
18,16,673,17,2817.93651238023,0.673,3
30,17,403,40,1241.94210276506,0.403,3
75,3,322,24,4820.3580457572,0.322,3
34,14,432,65,1159.93288674326,0.432,3
14,,855,,,0.855,3
28,75,498,59,0,0.498,3
2,,975,,,0.975,3
31,17,300,23,5012.23495375645,0.3,3
45,,997,,,0.997,3
3,1,989,6,0,0.989,3
15,5,764,18,0,0.764,3
29,,907,,,0.907,3
5,1,488,11,10528.1831983032,0.488,3
21,14,532,36,31360.4866306737,0.532,3
35,34,529,2,1241.94210276506,0.529,3
9,,1000,,,1,4
4,9,1000,17,1606.71111591685,1,4
5,1,463,11,11593.7357608192,0.463,4
6,4,554,38,2530.23659189557,0.554,4
7,5,791,17,640.809458417848,0.791,4
10,2,940,29,2265.06310571598,0.94,4
13,3,408,40,904.867347931298,0.408,4
18,16,599,17,2574.88031701781,0.599,4
28,20,404,20,2583.9187899447,0.404,4
33,20,364,25,838.644339547774,0.364,4
31,17,336,23,4687.76412129568,0.336,4
39,35,391,9,2150.53504808039,0.391,4
38,34,334,14,3945.99899791296,0.334,4
42,38,124,22,19191.4304913425,0.124,4
43,42,962,8,5431.456002418,0.962,4
44,40,383,23,5296.38418765961,0.383,4
48,41,544,58,1931.36017432917,0.544,4
59,53,454,9,5622.29704466025,0.454,4
56,53,509,11,13741.0274120221,0.509,4
58,56,625,30,7859.29703821324,0.625,4
62,43,662,130,8180.11374237705,0.662,4
61,62,999,8,1658.53014092982,0.999,4
63,33,228,207,932.663019319483,0.228,4
65,63,927,18,7006.67217763649,0.927,4
46,14,478,7,586.241478937149,0.478,4
40,37,425,25,1909.5558175712,0.425,4
41,37,268,23.5,8002.3979005257,0.268,4
53,48,773,30,2077.48728503627,0.773,4
14,,856,,,0.856,4
75,3,343,24,4742.84519092295,0.343,4
35,34,495,2,1230.51506759708,0.495,4
15,5,750,18,613.003784622744,0.75,4
3,1,986,6,1189.48439338466,0.986,4
45,,979,,,0.979,4
34,14,542,65,1296.58391425004,0.542,4
37,21,936,30,2195.75798573078,0.936,4
29,,905,,,0.905,4
16,10,760,21,1172.06256122841,0.76,4
17,15,312,33,489.033530323452,0.312,4
23,13,586,13,2478.69579733759,0.586,4
22,16,423,28,1060.68340636452,0.423,4
30,17,417,40,1120.72073834333,0.417,4
2,,965,,,0.965,4
1,4,689,26,14500.0580178751,0.689,4
21,14,577,36,31139.4100103605,0.577,4
20,23,718,10,960.858269429463,0.718,4
9,,1000,,,1,5
4,9,1000,17,0,1,5
2,1,730,3,20530.1205158694,0.73,5
3,1,999,6,0,0.999,5
5,1,472,11,10528.1831983032,0.472,5
6,4,580,38,2535.71856193369,0.58,5
7,5,921,17,0,0.921,5
15,5,745,18,0,0.745,5
10,2,995,29,2411.97395529211,0.995,5
14,15,436,14,1159.93288674326,0.436,5
13,3,512,40,0,0.512,5
16,10,964,21,0,0.964,5
17,7,277,34,0,0.277,5
20,23,879,10,0,0.879,5
18,16,728,17,2817.93651238023,0.728,5
21,18,971,10,0,0.971,5
22,16,602,28,0,0.602,5
23,13,527,13,1893.50318128421,0.527,5
28,45,470,45,0,0.47,5
33,20,541,25,0,0.541,5
30,17,339,40,1241.94210276506,0.339,5
31,17,230,23,5012.23495375645,0.23,5
34,30,382,6,1241.94210276506,0.382,5
35,30,872,7,0,0.872,5
37,21,486,30,2193.55162714132,0.486,5
39,35,442,9,1984.31854577717,0.442,5
38,34,321,14,4545.81426775876,0.321,5
42,38,158,22,18963.2064930177,0.158,5
43,42,972,8,4677.23007578044,0.972,5
44,41,393,23,4299.34607887807,0.393,5
48,41,464,57,2445.1682977298,0.464,5
59,53,527,9,4817.32916290832,0.527,5
56,53,567,12,12723.7144807407,0.567,5
58,56,531,30,8521.82323949562,0.531,5
62,43,633,130,9003.42045404616,0.633,5
61,62,1000,8,0,1,5
63,56,563,67,10913.3403803167,0.563,5
65,63,937,18,6281.18404371179,0.937,5
45,75,968,14,0,0.968,5
46,14,776,7,0,0.776,5
1,4,696,26,14521.9696089041,0.696,5
29,22,217,8,11541.1369044193,0.217,5
40,21,438,55.5,0,0.438,5
41,37,207,25,8204.73935283055,0.207,5
53,41,483,88,0,0.483,5
75,3,334,24,4820.3580457572,0.334,5
9,,1000,,,1,6
4,9,1000,17,1551.08664582241,1,6
2,1,739,3,20730.9544307471,0.739,6
3,1,994,6,1118.68653935444,0.994,6
5,1,466,11,11574.3503822279,0.466,6
6,4,539,38,2438.68424688893,0.539,6
7,5,900,17,616.166151440479,0.9,6
15,5,750,18,625.153722431671,0.75,6
10,2,988,29,2331.13346646115,0.988,6
14,7,418,15,1240.15334523356,0.418,6
13,3,356,40,860.862903326621,0.356,6
16,10,912,21,1097.93851980642,0.912,6
17,46,337,12,1234.09041980028,0.337,6
20,23,631,10,939.261778105071,0.631,6
18,16,696,17,2589.07359361528,0.696,6
21,18,814,10,999.813225951024,0.814,6
22,16,368,28,921.628872117939,0.368,6
23,13,386,13,2278.58008255739,0.386,6
28,20,310,20,2547.05322006663,0.31,6
33,20,391,25,872.848330687368,0.391,6
30,17,343,40,1118.72909306339,0.343,6
31,17,244,23,4805.37992187674,0.244,6
34,30,524,6,1176.59710042734,0.524,6
35,30,692,7,670.111246167239,0.692,6
37,21,470,30,2122.27203718521,0.47,6
39,35,412,9,2228.58420650316,0.412,6
38,34,312,14,3912.64557079956,0.312,6
42,38,141,22,19369.3110559716,0.141,6
43,42,960,8,5458.20626366161,0.96,6
44,40,389,23,5296.40160587133,0.389,6
48,41,570,58,1846.8380158363,0.57,6
59,53,510,9,5538.32914846526,0.51,6
56,53,536,11,13745.885637812,0.536,6
58,56,648,30,7859.83499327574,0.648,6
62,43,681,130,8074.48804745542,0.681,6
61,62,1000,8,1624.4982424513,1,6
63,56,446,67,12172.1858431349,0.446,6
65,63,933,18,6914.54028621631,0.933,6
45,75,802,14,1630.62530618146,0.802,6
46,14,533,7,670.113729203393,0.533,6
1,4,693,26,14583.9348128824,0.693,6
29,22,221,7,11819.2800800589,0.221,6
40,37,407,25,1955.70690545343,0.407,6
41,37,300,23,8000.25224150836,0.3,6
53,48,775,30,2039.09884286462,0.775,6
75,3,387,24,4707.9858863853,0.387,6
9,,1000,,,1,7
4,9,1000,17,0,1,7
3,1,980,6,0,0.98,7
15,5,772,18,0,0.772,7
10,2,958,29,2411.97395529211,0.958,7
13,3,514,40,0,0.514,7
16,10,883,21,0,0.883,7
17,15,396,33,0,0.396,7
20,23,895,10,0,0.895,7
22,16,623,28,0,0.623,7
23,13,704,13,1893.50318128421,0.704,7
28,75,490,59,0,0.49,7
33,20,562,25,0,0.562,7
35,34,507,2,1241.94210276506,0.507,7
37,21,954,30,2193.55162714132,0.954,7
39,35,434,9,1984.31854577717,0.434,7
38,34,350,14,4545.81426775876,0.35,7
42,38,152,22,18963.2064930177,0.152,7
43,42,961,8,4677.23007578044,0.961,7
44,41,405,23,4299.34607887807,0.405,7
48,41,449,58,2445.1682977298,0.449,7
59,53,507,9,4817.32916290832,0.507,7
56,53,588,12,12723.7144807407,0.588,7
58,56,538,30,8521.82323949562,0.538,7
62,43,626,130,9003.42045404616,0.626,7
61,62,1000,8,0,1,7
63,56,541,67,10913.3403803167,0.541,7
65,63,927,18,6281.18404371179,0.927,7
46,14,714,7,0,0.714,7
40,21,458,55,0,0.458,7
41,22,205,53,4817.32916290832,0.205,7
53,41,474,88,0,0.474,7
1,4,691,26,14521.9696089041,0.691,7
30,17,395,40,1241.94210276506,0.395,7
31,17,312,23,5012.23495375645,0.312,7
18,16,661,17,2817.93651238023,0.661,7
6,4,600,38,2535.71856193369,0.6,7
5,1,464,11,10528.1831983032,0.464,7
75,3,349,24,4820.3580457572,0.349,7
14,,851,,,0.851,7
21,14,501,36,31360.4866306737,0.501,7
45,,998,,,0.998,7
2,,978,,,0.978,7
34,14,447,65,1159.93288674326,0.447,7
29,,884,,,0.884,7
7,5,789,17,0,0.789,7
9,,1000,,,1,8
4,9,1000,17,1580.67587574154,1,8
6,4,547,38,2506.0816613558,0.547,8
10,2,941,29,2300.19616941553,0.941,8
13,3,404,40,913.769717279473,0.404,8
20,23,716,10,1076.59735791133,0.716,8
18,16,645,17,2518.61225900434,0.645,8
33,20,375,25,865.310476863366,0.375,8
31,17,350,23,4832.49363739782,0.35,8
35,34,459,2,1234.03100945675,0.459,8
39,35,383,9,2162.14631995007,0.383,8
38,34,297,14,3850.27795489856,0.297,8
42,38,117,22,19299.633164151,0.117,8
43,42,958,8,5376.50634169344,0.958,8
44,40,389,23,5289.10871566006,0.389,8
48,41,535,57,1745.58408669712,0.535,8
59,53,487,9,5585.07616560382,0.487,8
56,53,517,12,13769.4444191574,0.517,8
58,56,622,30,7744.4860284374,0.622,8
62,43,687,130,8219.27021311259,0.687,8
61,62,999,8,1668.82647722391,0.999,8
63,56,441,67,12224.9072139349,0.441,8
65,63,940,18,6994.39259767903,0.94,8
46,14,449,7,651.482698124109,0.449,8
1,4,702,26,14641.8583199797,0.702,8
40,37,400,25,2097.89761984774,0.4,8
41,37,266,23,7962.78022821283,0.266,8
53,48,763,30,2033.97883435887,0.763,8
21,14,638,36,31222.5458450363,0.638,8
17,46,300,12,1121.2359333219,0.3,8
15,5,756,18,640.818352478506,0.756,8
5,1,458,11,11520.7358345252,0.458,8
30,17,393,40,1138.88058749429,0.393,8
7,5,783,17,640.81161021834,0.783,8
34,14,550,65,1293.48369765664,0.55,8
37,21,947,30,2265.9451543032,0.947,8
22,16,408,28,923.72083696384,0.408,8
29,,912,,,0.912,8
2,,967,,,0.967,8
23,13,550,13,2469.07327634074,0.55,8
14,,842,,,0.842,8
28,20,399,20,2580.54364750595,0.399,8
16,10,789,21,1069.73735270301,0.789,8
3,1,975,6,1147.81066812242,0.975,8
45,,981,,,0.981,8
75,3,393,24,4608.10330451717,0.393,8
9,,1000,,,1,9
4,9,1000,17,0,1,9
2,,1000,,,1,9
3,1,1000,6,0,1,9
5,1,498,11,10528.1831983032,0.498,9
6,4,652,38,2535.71856193369,0.652,9
7,5,917,17,0,0.917,9
15,5,751,18,0,0.751,9
10,2,1000,29,2411.97395529211,1,9
14,15,420,14,1159.93288674326,0.42,9
13,3,499,40,0,0.499,9
16,10,983,21,0,0.983,9
17,15,310,33,0,0.31,9
20,23,875,10,0,0.875,9
18,16,729,17,2817.93651238023,0.729,9
21,18,951,10,0,0.951,9
22,16,640,28,0,0.64,9
23,13,499,13,1893.50318128421,0.499,9
28,45,474,45,0,0.474,9
33,20,556,25,0,0.556,9
30,17,346,40,1241.94210276506,0.346,9
31,17,262,23,5012.23495375645,0.262,9
34,30,373,6,1241.94210276506,0.373,9
35,30,878,7,0,0.878,9
37,21,484,30,2193.55162714132,0.484,9
39,35,408,9,1984.31854577717,0.408,9
38,34,347,14,4545.81426775876,0.347,9
42,6,1000,132,7533.83271997377,1,9
43,42,996,8,4677.23007578044,0.996,9
44,41,392,23,4299.34607887807,0.392,9
48,41,446,57,2445.1682977298,0.446,9
59,53,515,9,4817.32916290832,0.515,9
56,39,347,116,7377.2768018994,0.347,9
58,56,670,30,8521.82323949562,0.67,9
62,43,654,130,9003.42045404616,0.654,9
61,62,1000,8,0,1,9
63,56,1000,67,10913.3403803167,1,9
65,63,960,18,6281.18404371179,0.96,9
45,75,968,14,0,0.968,9
46,14,768,7,0,0.768,9
1,,1000,,,1,9
29,2,1000,83,10673.8356576988,1,9
40,21,435,55,0,0.435,9
41,37,236,24,8204.73935283055,0.236,9
53,41,478,87,0,0.478,9
75,3,369,24,4820.3580457572,0.369,9
9,,1000,,,1,10
4,9,1000,17,1551.39382556501,1,10
2,,1000,,,1,10
3,1,1000,6,1205.5717307507,1,10
5,,375,,,0.375,10
6,4,614,38,2521.98360080925,0.614,10
7,5,917,17,646.169488968548,0.917,10
15,5,745,18,609.840818854972,0.745,10
10,2,1000,29,2327.41865645246,1,10
14,7,407,15,1274.89125443343,0.407,10
13,3,366,40,911.561907836093,0.366,10
16,10,884,21,1036.27732185553,0.884,10
17,46,311,12,1195.14644989143,0.311,10
20,23,643,10,960.857887949574,0.643,10
18,16,721,17,2586.9040396793,0.721,10
21,18,796,10,946.355593789058,0.796,10
22,16,391,28,905.039786886851,0.391,10
23,13,422,13,2226.35547234023,0.422,10
28,20,340,20,2583.71161897094,0.34,10
33,20,362,25,904.887264177513,0.362,10
30,17,353,40,1163.09603284729,0.353,10
31,17,261,23,4735.8853898364,0.261,10
34,30,543,6,1201.56200389409,0.543,10
35,30,683,7,660.385285037643,0.683,10
37,21,471,30,2083.70367503566,0.471,10
39,35,378,9,2286.7258491157,0.378,10
38,34,319,14,3962.5172280655,0.319,10
42,6,1000,132,6873.53751558927,1,10
43,42,991,8,5445.66975931691,0.991,10
44,40,411,23,5275.55841689775,0.411,10
48,41,568,58,1848.20530841681,0.568,10
59,53,510,9,5603.97971448668,0.51,10
56,39,364,116,6879.3708504783,0.364,10
58,56,785,30,7926.6826199871,0.785,10
62,43,767,130,8260.10416196208,0.767,10
61,62,999,8,1608.71091525294,0.999,10
63,,812,,,0.812,10
65,63,972,18,6950.03884915671,0.972,10
45,75,831,14,1694.63685634,0.831,10
46,14,573,7,670.114955319652,0.573,10
1,,1000,,,1,10
29,,345,,,0.345,10
40,37,424,25,2023.60245664747,0.424,10
41,37,281,23,8026.64068967992,0.281,10
53,48,779,30,2067.01617269127,0.779,10
75,3,385,24,4795.85302478103,0.385,10
9,,1000,,,1,11
4,9,1000,17,0,1,11
2,,1000,,,1,11
3,1,999,6,0,0.999,11
6,4,633,38,2535.71856193369,0.633,11
7,5,814,17,0,0.814,11
13,3,536,40,0,0.536,11
16,10,982,21,0,0.982,11
20,23,917,10,0,0.917,11
22,16,660,28,0,0.66,11
28,75,482,59,0,0.482,11
33,20,550,25,0,0.55,11
31,17,299,23,5012.23495375645,0.299,11
37,21,985,30,2193.55162714132,0.985,11
39,35,385,9,1984.31854577717,0.385,11
38,34,353,14,4545.81426775876,0.353,11
42,6,1000,132,7533.83271997377,1,11
43,42,997,8,4677.23007578044,0.997,11
44,41,415,23,4299.34607887807,0.415,11
48,41,470,58,2445.1682977298,0.47,11
59,53,524,9,4817.32916290832,0.524,11
56,39,356,116,7377.2768018994,0.356,11
58,56,674,30,8521.82323949562,0.674,11
62,43,656,130,9003.42045404616,0.656,11
61,62,1000,8,0,1,11
63,56,1000,67,10913.3403803167,1,11
65,63,956,18,6281.18404371179,0.956,11
46,14,723,7,0,0.723,11
1,,1000,,,1,11
29,2,973,82,10673.8356576988,0.973,11
40,21,457,55,0,0.457,11
41,37,231,23,8204.73935283055,0.231,11
53,41,495,88,0,0.495,11
34,14,440,65,1159.93288674326,0.44,11
75,6,314,18,7533.82256412345,0.314,11
14,,879,,,0.879,11
35,34,505,2,1241.94210276506,0.505,11
17,15,364,33,0,0.364,11
5,1,500,11,10528.1831983032,0.5,11
45,,998,,,0.998,11
23,13,683,13,1893.50318128421,0.683,11
15,5,750,18,0,0.75,11
10,,976,,,0.976,11
30,17,395,40,1241.94210276506,0.395,11
18,16,749,17,2817.93651238023,0.749,11
21,,983,,,0.983,11
9,,1000,,,1,12
4,9,1000,17,1521.04463056643,1,12
2,,1000,,,1,12
3,1,998,6,1110.35572414981,0.998,12
5,,389,,,0.389,12
6,4,644,38,2549.95504303612,0.644,12
7,5,835,17,640.811767957259,0.835,12
15,5,767,18,651.483153336905,0.767,12
10,2,842,29,2325.57645924638,0.842,12
13,3,406,40,827.953265706859,0.406,12
16,10,862,21,1041.46013282357,0.862,12
20,23,697,10,990.301473847887,0.697,12
22,16,418,28,862.691875110978,0.418,12
23,13,591,13,2490.02563220125,0.591,12
28,20,423,20,2669.97861518739,0.423,12
33,20,400,25,863.133640776221,0.4,12
31,17,332,23,4759.76652573552,0.332,12
39,35,385,9,2188.35863921524,0.385,12
38,34,332,14,3937.69427428263,0.332,12
42,6,1000,132,6902.90238593541,1,12
43,42,998,8,5439.46382753907,0.998,12
44,40,396,23,5245.90388891627,0.396,12
48,41,548,58,1939.82447691732,0.548,12
59,53,505,9,5565.94564488943,0.505,12
56,39,368,116,6873.69538643623,0.368,12
58,56,771,30,7930.84664270325,0.771,12
62,43,760,130,8348.39388379434,0.76,12
61,62,1000,8,1706.62916827191,1,12
63,,800,,,0.8,12
65,63,952,18,7009.59118987529,0.952,12
46,14,475,7,651.482376775671,0.475,12
1,,1000,,,1,12
29,,811,,,0.811,12
40,37,406,24,1945.32741019325,0.406,12
41,37,305,23,7943.73954531684,0.305,12
53,48,788,30,2063.81034235211,0.788,12
75,3,388,24,4714.62766666646,0.388,12
17,15,315,33,534.996849316748,0.315,12
45,,994,,,0.994,12
21,,964,,,0.964,12
35,34,522,2,1211.76337967371,0.522,12
14,,898,,,0.898,12
30,17,425,40,1101.48317573352,0.425,12
34,14,565,65,1340.22634415847,0.565,12
18,16,719,17,2527.28556089648,0.719,12
37,21,981,30,2292.54303861574,0.981,12
9,,1000,,,1,13
4,9,1000,17,0,1,13
2,1,721,3,20530.1205158694,0.721,13
3,1,1000,6,0,1,13
5,1,472,11,10528.1831983032,0.472,13
6,4,577,38,2535.71856193369,0.577,13
7,5,896,17,0,0.896,13
15,5,760,17,0,0.76,13
10,2,996,29,2411.97395529211,0.996,13
14,15,421,14,1159.93288674326,0.421,13
13,3,513,40,0,0.513,13
16,10,974,21,0,0.974,13
17,15,283,33,0,0.283,13
20,23,882,10,0,0.882,13
18,16,729,17,2817.93651238023,0.729,13
21,18,943,10,0,0.943,13
22,16,600,28,0,0.6,13
23,13,492,13,1893.50318128421,0.492,13
28,45,479,45,0,0.479,13
33,20,571,25,0,0.571,13
30,17,333,40,1241.94210276506,0.333,13
31,17,244,23,5012.23495375645,0.244,13
34,30,397,6,1241.94210276506,0.397,13
35,30,861,7,0,0.861,13
37,21,480,30,2193.55162714132,0.48,13
39,35,423,9,1984.31854577717,0.423,13
38,34,349,14,4545.81426775876,0.349,13
42,38,203,22,18963.2064930177,0.203,13
43,42,968,8,4677.23007578044,0.968,13
44,41,417,23,4299.34607887807,0.417,13
48,41,478,57,2445.1682977298,0.478,13
59,53,615,9,4817.32916290832,0.615,13
56,53,694,12,12723.7144807407,0.694,13
58,56,538,30,8521.82323949562,0.538,13
62,56,490,48,34039.2510563691,0.49,13
61,62,1000,8,0,1,13
63,56,539,67,10913.3403803167,0.539,13
65,63,941,18,6281.18404371179,0.941,13
45,75,968,14,0,0.968,13
46,14,770,7,0,0.77,13
1,4,700,26,14521.9696089041,0.7,13
29,22,250,7,11541.1369044193,0.25,13
40,21,454,55,0,0.454,13
41,37,218,24,8204.73935283055,0.218,13
53,41,480,88,0,0.48,13
75,3,378,24,4820.3580457572,0.378,13
9,,1000,,,1,14
4,9,1000,17,1561.02422238369,1,14
2,1,728,3,20753.9436513723,0.728,14
3,1,998,6,1115.39536494628,0.998,14
5,1,446,11,11437.9852167747,0.446,14
6,4,594,38,2506.98616777099,0.594,14
7,5,901,17,651.483633731915,0.901,14
15,5,727,18,586.237857777099,0.727,14
10,2,991,29,2344.31095972595,0.991,14
14,15,412,14,1228.5808887723,0.412,14
13,3,367,40,860.877803613649,0.367,14
16,10,888,21,1069.73424855199,0.888,14
17,46,309,12,1228.58155363705,0.309,14
20,23,599,10,960.857506395784,0.599,14
18,16,733,17,2591.73386917382,0.733,14
21,18,811,10,972.109487317912,0.811,14
22,16,381,28,909.823723238918,0.381,14
23,13,390,13,2326.83796150468,0.39,14
28,20,330,20,2521.94465039382,0.33,14
33,20,376,25,905.535608788974,0.376,14
30,17,369,40,1120.71938799196,0.369,14
31,17,229,23,4743.0042118363,0.229,14
34,30,546,6,1138.87953220383,0.546,14
35,30,675,7,742.861357016953,0.675,14
37,21,446,30,2196.65462614037,0.446,14
39,35,414,9,2187.85915187533,0.414,14
38,34,369,14,3995.66926048424,0.369,14
42,38,152,21,19463.2937357761,0.152,14
43,42,959,8,5426.90125099312,0.959,14
44,40,432,23.5,5281.51101826532,0.432,14
48,41,594,58,1940.69594006162,0.594,14
59,53,563,9,5669.54449610553,0.563,14
56,53,608,12,14055.9645000221,0.608,14
58,56,652,30,7760.89944452045,0.652,14
62,56,498,48,33759.5913105213,0.498,14
61,62,1000,8,1723.16482155388,1,14
63,56,424,67,12426.0554933672,0.424,14
65,63,924,18,6997.10842495533,0.924,14
45,75,824,14,1633.35167640852,0.824,14
46,14,549,7,646.179063311781,0.549,14
1,4,671,26,14531.6086753227,0.671,14
29,22,201,7,11525.70437834,0.201,14
40,37,431,24,1999.68561326681,0.431,14
41,37,292,23,7970.13264759991,0.292,14
53,48,788,29,2087.67054911013,0.788,14
75,3,401,24,4742.86011176702,0.401,14
9,,1000,,,1,15
4,9,1000,17,0,1,15
3,1,983,6,0,0.983,15
6,4,590,38,2535.71856193369,0.59,15
15,5,764,18,0,0.764,15
10,2,955,29,2411.97395529211,0.955,15
13,3,539,40,0,0.539,15
20,23,890,10,0,0.89,15
22,16,652,28,0,0.652,15
23,13,658,13,1893.50318128421,0.658,15
28,75,480,59,0,0.48,15
33,20,554,25,0,0.554,15
31,17,308,23,5012.23495375645,0.308,15
37,21,954,30,2193.55162714132,0.954,15
39,35,398,9,1984.31854577717,0.398,15
38,34,331,14,4545.81426775876,0.331,15
42,38,186,22,18963.2064930177,0.186,15
43,42,961,8,4677.23007578044,0.961,15
44,41,420,23,4299.34607887807,0.42,15
48,41,471,57,2445.1682977298,0.471,15
59,53,618,9,4817.32916290832,0.618,15
56,53,696,12,12723.7144807407,0.696,15
58,56,557,30,8521.82323949562,0.557,15
62,56,517,48,34039.2510563691,0.517,15
61,62,1000,8,0,1,15
63,56,556,67,10913.3403803167,0.556,15
65,63,942,18,6281.18404371179,0.942,15
46,14,742,7,0,0.742,15
40,21,446,55,0,0.446,15
41,37,237,24,8204.73935283055,0.237,15
53,41,496,87,0,0.496,15
75,3,346,24,4820.3580457572,0.346,15
7,5,797,17,0,0.797,15
18,16,663,17,2817.93651238023,0.663,15
21,14,533,36,31360.4866306737,0.533,15
16,10,892,21,0,0.892,15
1,4,688,26,14521.9696089041,0.688,15
29,,898,,,0.898,15
5,1,464,11,10528.1831983032,0.464,15
30,17,391,40,1241.94210276506,0.391,15
17,15,393,33,0,0.393,15
34,14,435,65,1159.93288674326,0.435,15
35,34,482,2,1241.94210276506,0.482,15
14,,862,,,0.862,15
2,,981,,,0.981,15
45,,997,,,0.997,15
9,,1000,,,1,16
4,9,1000,17,1659.91801067599,1,16
3,1,985,6,1181.22316297404,0.985,16
6,4,556,38,2407.33112453757,0.556,16
15,5,745,18,640.811767955957,0.745,16
10,2,940,29,2305.38017497768,0.94,16
13,3,370,40,911.032442979373,0.37,16
16,10,764,21,1156.33745515547,0.764,16
20,23,722,10,1007.08953790876,0.722,16
22,16,429,28,939.23885259339,0.429,16
23,13,573,13,2425.99248945107,0.573,16
28,20,435,20,2605.85812592187,0.435,16
33,20,381,25,926.06228765636,0.381,16
31,17,330,23,4820.32980767315,0.33,16
37,21,942,30,2179.66948695344,0.942,16
39,35,411,9,2188.35787986757,0.411,16
38,34,319,14,4017.85455641544,0.319,16
42,38,149,22,19526.4943375208,0.149,16
43,42,960,8,5360.67765241699,0.96,16
44,40,395,24,5247.23754822021,0.395,16
48,41,562,57,1806.76311599329,0.562,16
59,53,568,9,5635.44798186594,0.568,16
56,53,635,12,14038.618544671,0.635,16
58,56,638,30,7864.25609480186,0.638,16
62,56,502,48,33672.8069983685,0.502,16
61,62,1000,8,1642.8946241688,1,16
63,56,447,67,12283.2219967679,0.447,16
65,63,939,18,6941.18548676894,0.939,16
46,14,490,7,651.48293762074,0.49,16
1,4,692,26,14532.6497708298,0.692,16
40,37,410,25,2044.57250782923,0.41,16
41,37,273,24,8030.42969716739,0.273,16
53,48,794,30,2097.63503215166,0.794,16
34,14,554,65,1236.87067596057,0.554,16
5,1,482,11,11464.6852348154,0.482,16
17,15,311,33,534.999885660997,0.311,16
18,16,629,17,2595.34398811777,0.629,16
14,,844,,,0.844,16
29,,897,,,0.897,16
2,,974,,,0.974,16
45,,990,,,0.99,16
21,14,604,36,31182.280826692,0.604,16
7,5,770,17,661.144503217707,0.77,16
75,3,376,24,4670.39037403462,0.376,16
35,34,504,2,1195.47110980639,0.504,16
30,17,373,40,1180.74197456693,0.373,16
9,,1000,,,1,17
4,9,1000,17,0,1,17
2,,1000,,,1,17
3,1,1000,6,0,1,17
5,,1000,,,1,17
6,4,665,38,2535.71856193369,0.665,17
7,5,914,17,0,0.914,17
15,5,781,18,0,0.781,17
10,2,1000,29,2411.97395529211,1,17
14,15,421,14,1159.93288674326,0.421,17
13,3,491,40,0,0.491,17
16,10,985,21,0,0.985,17
17,15,259,33,0,0.259,17
20,23,885,10,0,0.885,17
18,16,712,17,2817.93651238023,0.712,17
21,18,947,10,0,0.947,17
22,16,630,28,0,0.63,17
23,13,487,13,1893.50318128421,0.487,17
28,45,453,45,0,0.453,17
33,20,563,25,0,0.563,17
30,17,370,40,1241.94210276506,0.37,17
31,17,228,23,5012.23495375645,0.228,17
34,30,365,6,1241.94210276506,0.365,17
35,30,889,7,0,0.889,17
37,21,470,30,2193.55162714132,0.47,17
39,35,420,9,1984.31854577717,0.42,17
38,34,361,14,4545.81426775876,0.361,17
42,,1000,,,1,17
43,42,1000,8,4677.23007578044,1,17
44,41,387,23,4299.34607887807,0.387,17
48,41,481,58,2445.1682977298,0.481,17
59,53,622,9,4817.32916290832,0.622,17
56,,755,,,0.755,17
58,,1000,,,1,17
62,,1000,,,1,17
61,62,1000,8,0,1,17
63,,1000,,,1,17
65,63,964,18,6281.18404371179,0.964,17
45,75,983,14,0,0.983,17
46,14,799,7,0,0.799,17
1,,1000,,,1,17
29,,1000,,,1,17
40,21,421,55,0,0.421,17
41,22,294,52,4817.32916290832,0.294,17
53,41,495,89,0,0.495,17
75,3,436,24,4820.3580457572,0.436,17
9,,1000,,,1,18
4,9,1000,17,1654.61464052479,1,18
2,,1000,,,1,18
3,1,1000,6,1102.51701044419,1,18
5,,997,,,0.997,18
6,4,642,38,2700.87782925567,0.642,18
7,5,909,17,656.777872487925,0.909,18
15,5,757,18,634.148476090057,0.757,18
10,2,1000,29,2328.46819544461,1,18
14,7,422,15,1277.89936441284,0.422,18
13,3,419,40,945.061576807654,0.419,18
16,10,871,21,1138.90720218072,0.871,18
17,46,321,12,1198.14222198977,0.321,18
20,23,667,10,1013.44211279806,0.667,18
18,16,713,17,2640.70953617188,0.713,18
21,18,788,10,946.358591449028,0.788,18
22,16,382,28,910.472503999524,0.382,18
23,13,410,13,2193.38179619155,0.41,18
28,20,360,20,2503.29868548191,0.36,18
33,20,361,25,911.578319253466,0.361,18
30,17,379,40,1118.73869362635,0.379,18
31,17,276,23,4750.94766314499,0.276,18
34,30,530,6,1143.39707126615,0.53,18
35,30,695,7,660.376587538985,0.695,18
37,21,425,30,2133.47904935764,0.425,18
39,35,405,9,2265.5730639995,0.405,18
38,34,331,14,4012.6898560162,0.331,18
42,,1000,,,1,18
43,42,1000,8,5444.42361706773,1,18
44,40,444,24,5323.90865936912,0.444,18
48,41,580,57,1909.61019227671,0.58,18
59,53,558,9,5713.45822884774,0.558,18
56,,781,,,0.781,18
58,56,515,30,7373.73257825205,0.515,18
62,,1000,,,1,18
61,62,1000,8,1569.0282917509,1,18
63,,996,,,0.996,18
65,63,901,18,6944.51398728795,0.901,18
45,75,853,14,1687.23706958391,0.853,18
46,14,574,7,691.823170592232,0.574,18
1,,1000,,,1,18
29,,1000,,,1,18
40,37,377,25,2002.0568206575,0.377,18
41,22,287,53,5714.09284998404,0.287,18
53,48,790,30,2080.82480574437,0.79,18
75,3,490,24,4658.05511228007,0.49,18
9,,1000,,,1,19
4,9,1000,17,0,1,19
2,,1000,,,1,19
3,1,1000,6,0,1,19
5,,1000,,,1,19
6,4,667,38,2535.71856193369,0.667,19
15,5,747,18,0,0.747,19
10,2,1000,29,2411.97395529211,1,19
13,3,553,40,0,0.553,19
16,10,977,21,0,0.977,19
17,15,398,33,0,0.398,19
20,23,907,10,0,0.907,19
22,16,624,28,0,0.624,19
23,13,697,13,1893.50318128421,0.697,19
28,75,519,59,0,0.519,19
33,20,560,25,0,0.56,19
39,35,421,9,1984.31854577717,0.421,19
38,34,362,14,4545.81426775876,0.362,19
42,,1000,,,1,19
43,42,1000,8,4677.23007578044,1,19
44,41,392,23,4299.34607887807,0.392,19
48,41,489,58,2445.1682977298,0.489,19
59,53,623,9,4817.32916290832,0.623,19
56,,777,,,0.777,19
58,,1000,,,1,19
62,,1000,,,1,19
61,62,1000,8,0,1,19
63,,1000,,,1,19
65,63,946,18,6281.18404371179,0.946,19
46,14,743,7,0,0.743,19
1,,1000,,,1,19
29,,1000,,,1,19
40,21,424,55,0,0.424,19
41,22,297,52,4817.32916290832,0.297,19
53,41,491,88,0,0.491,19
75,3,460,24,4820.3580457572,0.46,19
34,14,436,65,1159.93288674326,0.436,19
18,16,750,17,2817.93651238023,0.75,19
31,17,332,23,5012.23495375645,0.332,19
37,21,1000,30,2193.55162714132,1,19
45,,1000,,,1,19
21,,1000,,,1,19
7,5,836,17,0,0.836,19
30,17,440,40,1241.94210276506,0.44,19
14,,895,,,0.895,19
35,34,498,2,1241.94210276506,0.498,19
9,,1000,,,1,20
4,9,1000,17,1608.12889525721,1,20
2,,1000,,,1,20
3,1,1000,6,1110.35898206151,1,20
5,,998,,,0.998,20
6,4,656,38,2612.95303263219,0.656,20
7,5,853,17,651.483797642117,0.853,20
10,2,1000,29,2294.11356167089,1,20
13,3,409,40,843.557803849556,0.409,20
16,10,901,21,1098.74019242529,0.901,20
20,23,709,10,1016.36383741573,0.709,20
18,16,756,17,2551.86190214508,0.756,20
22,16,467,28,840.957655762993,0.467,20
23,13,589,13,2503.4122097145,0.589,20
28,20,421,20,2510.33619735927,0.421,20
33,20,370,25,910.959680413444,0.37,20
37,21,999,30,2279.4588336476,0.999,20
39,35,410,9,2304.67226584681,0.41,20
38,34,343,14,3985.46413637078,0.343,20
42,,1000,,,1,20
43,42,1000,8,5413.31797864314,1,20
44,40,434,23,5289.14245568107,0.434,20
48,41,582,58,1909.56828046721,0.582,20
59,53,584,9,5635.46971934279,0.584,20
56,,791,,,0.791,20
58,56,513,30,7337.12116421643,0.513,20
62,,1000,,,1,20
61,62,1000,8,1670.97901264988,1,20
63,,997,,,0.997,20
65,63,910,18,6880.36271662054,0.91,20
46,14,483,7,634.17358119725,0.483,20
1,,1000,,,1,20
29,,1000,,,1,20
40,37,431,25,2044.55541734186,0.431,20
41,22,280,53,5814.42575492111,0.28,20
53,48,765,30,2082.10643407544,0.765,20
75,3,482,24,4665.42808317865,0.482,20
31,17,403,23,4735.8979483945,0.403,20
15,5,739,18,646.170478495231,0.739,20
21,,999,,,0.999,20
45,,1000,,,1,20
35,34,519,2,1168.0335459293,0.519,20
14,,915,,,0.915,20
17,15,319,33,534.997415543116,0.319,20
30,17,431,40,1195.13996997525,0.431,20
34,14,585,65,1302.96742984408,0.585,20
9,,1000,,,1,21
4,9,1000,17,0,1,21
2,1,735,3,20530.1205158694,0.735,21
3,1,1000,6,0,1,21
5,1,464,11,10528.1831983032,0.464,21
6,4,596,38,2535.71856193369,0.596,21
7,5,907,17,0,0.907,21
15,5,759,18,0,0.759,21
10,2,992,29,2411.97395529211,0.992,21
14,7,435,15,1159.93288674326,0.435,21
13,3,510,40,0,0.51,21
16,10,979,21,0,0.979,21
17,7,293,34,0,0.293,21
20,23,882,10,0,0.882,21
18,16,736,17,2817.93651238023,0.736,21
21,18,960,10,0,0.96,21
22,16,614,28,0,0.614,21
23,13,501,13,1893.50318128421,0.501,21
28,45,452,45,0,0.452,21
33,20,521,25,0,0.521,21
30,17,353,40,1241.94210276506,0.353,21
31,17,250,23,5012.23495375645,0.25,21
34,30,401,6,1241.94210276506,0.401,21
35,30,883,7,0,0.883,21
37,21,476,30,2193.55162714132,0.476,21
39,35,448,9,1984.31854577717,0.448,21
38,34,363,14,4545.81426775876,0.363,21
42,38,200,22,18963.2064930177,0.2,21
43,42,970,8,4677.23007578044,0.97,21
44,41,437,23,4299.34607887807,0.437,21
48,41,553,58,2445.1682977298,0.553,21
59,53,645,9,4817.32916290832,0.645,21
56,53,729,12,12723.7144807407,0.729,21
58,56,553,30,8521.82323949562,0.553,21
62,56,520,48,34039.2510563691,0.52,21
61,62,1000,8,0,1,21
63,56,556,67,10913.3403803167,0.556,21
65,63,970,18,6281.18404371179,0.97,21
45,75,970,14,0,0.97,21
46,14,766,7,0,0.766,21
1,4,704,26,14521.9696089041,0.704,21
29,22,210,7,11541.1369044193,0.21,21
40,21,442,55,0,0.442,21
41,37,265,23,8204.73935283055,0.265,21
53,48,790,31,2445.1682977298,0.79,21
75,3,340,24,4820.3580457572,0.34,21
9,,1000,,,1,22
4,9,1000,17,1588.65004622113,1,22
2,1,746,3,20725.4546764419,0.746,22
3,1,996,6,1163.78810424753,0.996,22
5,1,447,11,11525.7259060659,0.447,22
6,4,560,38,2624.12575841114,0.56,22
7,5,902,17,640.807019072166,0.902,22
15,5,717,18,660.387389502109,0.717,22
10,2,995,29,2219.38515821631,0.995,22
14,15,427,14,1300.99890363728,0.427,22
13,3,360,40,838.596081481386,0.36,22
16,10,900,21,1061.71361818313,0.9,22
17,46,313,12,1201.5599266538,0.313,22
20,23,606,10,936.533156909496,0.606,22
18,16,747,17,2582.1514755179,0.747,22
21,18,802,10,977.263595375027,0.802,22
22,16,379,28,909.799435000921,0.379,22
23,13,391,13,2298.61388000458,0.391,22
28,20,315,20,2401.96508442602,0.315,22
33,20,379,25,849.017281752649,0.379,22
30,17,357,40,1147.89936011837,0.357,22
31,17,237,23,4684.73166149235,0.237,22
34,30,553,6,1120.71834451312,0.553,22
35,30,686,7,661.134915231501,0.686,22
37,21,432,30,2038.6785734307,0.432,22
39,35,383,9,2305.23236201547,0.383,22
38,34,355,14,3870.73549460341,0.355,22
42,38,171,22,19309.0681907083,0.171,22
43,42,968,8,5437.3121883527,0.968,22
44,40,468,23,5296.41554680024,0.468,22
48,41,607,58,1906.54282453941,0.607,22
59,53,621,9,5673.12528560237,0.621,22
56,53,698,12,14015.3388333608,0.698,22
58,56,684,30,7752.19350425385,0.684,22
62,56,482,48,33611.2737437183,0.482,22
61,62,1000,8,1695.79873112172,1,22
63,56,468,67,12251.3067418737,0.468,22
65,63,972,18,6972.29336683322,0.972,22
45,75,808,14,1559.65791510922,0.808,22
46,14,562,7,646.18292165619,0.562,22
1,4,701,26,14589.9776287655,0.701,22
29,22,227,7,11695.6085476101,0.227,22
40,37,395,24,2025.02334530515,0.395,22
41,37,272,24,7980.35925636405,0.272,22
53,48,893,30,2060.68882812753,0.893,22
75,3,391,24,4578.87915490294,0.391,22
9,,1000,,,1,23
4,9,1000,17,0,1,23
6,4,569,38,2535.71856193369,0.569,23
7,5,778,17,0,0.778,23
10,2,955,29,2411.97395529211,0.955,23
13,3,539,40,0,0.539,23
16,10,880,21,0,0.88,23
20,23,920,10,0,0.92,23
28,75,480,59,0,0.48,23
33,20,569,25,0,0.569,23
31,17,311,23,5012.23495375645,0.311,23
37,21,955,30,2193.55162714132,0.955,23
39,35,441,9,1984.31854577717,0.441,23
38,34,353,14,4545.81426775876,0.353,23
42,38,201,22,18963.2064930177,0.201,23
43,42,970,8,4677.23007578044,0.97,23
44,41,467,23,4299.34607887807,0.467,23
48,41,522,57,2445.1682977298,0.522,23
59,53,660,9,4817.32916290832,0.66,23
56,53,722,12,12723.7144807407,0.722,23
58,56,541,30,8521.82323949562,0.541,23
62,56,495,48,34039.2510563691,0.495,23
61,62,1000,8,0,1,23
63,56,584,67,10913.3403803167,0.584,23
65,63,954,18,6281.18404371179,0.954,23
46,14,706,7,0,0.706,23
1,4,714,26,14521.9696089041,0.714,23
40,21,437,55,0,0.437,23
41,37,245,23,8204.73935283055,0.245,23
53,48,789,31,2445.1682977298,0.789,23
34,14,437,65,1159.93288674326,0.437,23
22,16,647,28,0,0.647,23
15,5,781,18,0,0.781,23
3,1,987,6,0,0.987,23
35,34,514,2,1241.94210276506,0.514,23
14,,853,,,0.853,23
29,,907,,,0.907,23
23,13,699,13,1893.50318128421,0.699,23
30,17,444,40,1241.94210276506,0.444,23
18,16,659,17,2817.93651238023,0.659,23
21,14,512,36,31360.4866306737,0.512,23
17,15,400,33,0,0.4,23
75,3,358,24,4820.3580457572,0.358,23
5,1,462,11,10528.1831983032,0.462,23
2,,971,,,0.971,23
45,,996,,,0.996,23
9,,1000,,,1,24
4,9,1000,17,1558.62511193174,1,24
6,4,579,38,2555.58967970439,0.579,24
15,5,753,18,651.483635238041,0.753,24
10,2,954,29,2268.18143867913,0.954,24
13,3,392,40,899.664442461446,0.392,24
16,10,776,21,1119.53543718549,0.776,24
17,15,323,33,543.552442667498,0.323,24
20,23,702,10,990.29529901539,0.702,24
23,13,566,13,2425.72832815131,0.566,24
33,20,367,25,960.854477606259,0.367,24
31,17,374,23,4805.36019260068,0.374,24
39,35,396,9,2155.6323180521,0.396,24
38,34,325,14,3982.86041486969,0.325,24
42,38,178,22,19340.4817852624,0.178,24
43,42,962,8,5370.45196955994,0.962,24
44,40,443,23,5244.47076230557,0.443,24
48,41,590,58,1992.08728851197,0.59,24
59,53,616,9,5710.02024442556,0.616,24
56,53,699,11,13951.2689348799,0.699,24
58,56,667,30,7861.10770794273,0.667,24
62,56,472,48,33584.9969431216,0.472,24
61,62,1000,8,1630.9254614422,1,24
63,56,469,67,12229.5315011617,0.469,24
65,63,957,18,6982.72633055239,0.957,24
46,14,515,7,660.417168835422,0.515,24
1,4,681,26,14562.9617074062,0.681,24
40,37,426,25,2089.78280726109,0.426,24
41,37,314,23,7966.36812032536,0.314,24
53,48,907,30,2124.29438799742,0.907,24
5,1,469,11,11448.5714580914,0.469,24
35,34,479,2,1228.57744636471,0.479,24
37,21,952,30,2297.22365915101,0.952,24
2,,975,,,0.975,24
30,17,432,40,1107.82905028247,0.432,24
14,,838,,,0.838,24
3,1,977,6,1172.40492069162,0.977,24
28,20,420,20,2612.57272992621,0.42,24
45,,981,,,0.981,24
18,16,618,17,2627.96807170157,0.618,24
75,3,350,24,4687.47095241888,0.35,24
29,,886,,,0.886,24
21,14,588,36,31224.8425442874,0.588,24
34,14,498,65,1292.91790493348,0.498,24
22,16,400,28,952.847400805974,0.4,24
7,5,750,17,646.168164000585,0.75,24
9,,1000,,,1,25
4,9,1000,17,0,1,25
2,,1000,,,1,25
3,1,1000,6,0,1,25
5,,1000,,,1,25
6,4,694,38,2535.71856193369,0.694,25
7,5,916,17,0,0.916,25
15,5,755,18,0,0.755,25
10,2,1000,29,2411.97395529211,1,25
14,15,421,14,1159.93288674326,0.421,25
13,3,536,40,0,0.536,25
16,10,977,21,0,0.977,25
17,15,276,33,0,0.276,25
20,23,895,10,0,0.895,25
18,16,745,17,2817.93651238023,0.745,25
21,18,955,10,0,0.955,25
22,16,627,28,0,0.627,25
23,13,536,13,1893.50318128421,0.536,25
28,45,478,45,0,0.478,25
33,20,564,25,0,0.564,25
30,17,422,40,1241.94210276506,0.422,25
31,17,321,23,5012.23495375645,0.321,25
34,30,396,6,1241.94210276506,0.396,25
35,30,893,7,0,0.893,25
37,21,496,30,2193.55162714132,0.496,25
39,35,449,9,1984.31854577717,0.449,25
38,34,452,14,4545.81426775876,0.452,25
42,,1000,,,1,25
43,42,1000,8,4677.23007578044,1,25
44,41,483,24,4299.34607887807,0.483,25
48,41,588,57,2445.1682977298,0.588,25
59,53,657,9,4817.32916290832,0.657,25
56,,1000,,,1,25
58,,1000,,,1,25
62,,1000,,,1,25
61,62,1000,8,0,1,25
63,,1000,,,1,25
65,,1000,,,1,25
45,75,985,14,0,0.985,25
46,14,780,7,0,0.78,25
1,,1000,,,1,25
29,,1000,,,1,25
40,21,414,55,0,0.414,25
41,22,838,55,4817.32916290832,0.838,25
53,48,797,31,2445.1682977298,0.797,25
75,3,563,24,4820.3580457572,0.563,25
9,,1000,,,1,26
4,9,1000,17,1695.13897370214,1,26
2,,1000,,,1,26
3,1,1000,6,1102.52881277695,1,26
5,,1000,,,1,26
6,4,663,38,2637.21641601615,0.663,26
7,5,914,17,651.483151149858,0.914,26
15,5,754,18,640.807464357958,0.754,26
10,2,1000,29,2304.49695408377,1,26
14,7,427,15,1232.33590143345,0.427,26
13,3,413,40,849.012527464815,0.413,26
16,10,891,21,1105.95478272094,0.891,26
17,46,304,12,1163.83127969103,0.304,26
20,23,639,10,1000.77356796493,0.639,26
18,16,679,17,2594.80731426195,0.679,26
21,18,799,10,935.882669590071,0.799,26
22,16,388,28,926.063155135319,0.388,26
23,13,420,13,2389.71940725893,0.42,26
28,20,371,20,2530.84551013829,0.371,26
33,20,402,25,925.272620959437,0.402,26
30,17,398,40,1163.82761762047,0.398,26
31,17,269,23,4714.75014100019,0.269,26
34,30,585,6,1150.33055436572,0.585,26
35,30,664,7,712.597916692847,0.664,26
37,21,485,30,2123.27664556393,0.485,26
39,35,399,9,2237.441994725,0.399,26
38,34,413,14,4012.64408715459,0.413,26
42,,1000,,,1,26
43,42,819,8,5286.27050052452,0.819,26
44,40,467,24,5139.0077365692,0.467,26
48,41,763,58,1954.8735752176,0.763,26
59,53,390,9,5155.1383594077,0.39,26
56,,1000,,,1,26
58,,994,,,0.994,26
62,,1000,,,1,26
61,62,1000,8,1669.88507350532,1,26
63,,1000,,,1,26
65,,774,,,0.774,26
45,75,898,14,1712.67834753623,0.898,26
46,14,544,7,670.115239202998,0.544,26
1,,1000,,,1,26
29,,1000,,,1,26
40,37,422,24,2008.02409369609,0.422,26
41,22,510,55,5300.16054937832,0.51,26
53,48,913,30,2045.68078333183,0.913,26
75,3,511,24,4770.46196810796,0.511,26
9,,1000,,,1,27
4,9,1000,17,0,1,27
2,,1000,,,1,27
3,1,1000,6,0,1,27
5,,1000,,,1,27
6,4,700,38,2535.71856193369,0.7,27
7,5,848,17,0,0.848,27
15,5,762,18,0,0.762,27
10,2,1000,29,2411.97395529211,1,27
13,3,498,40,0,0.498,27
16,10,974,21,0,0.974,27
17,15,411,33,0,0.411,27
20,23,919,10,0,0.919,27
22,16,638,28,0,0.638,27
23,13,693,13,1893.50318128421,0.693,27
33,20,559,25,0,0.559,27
39,35,439,9,1984.31854577717,0.439,27
38,34,403,14,4545.81426775876,0.403,27
42,,1000,,,1,27
43,42,1000,8,4677.23007578044,1,27
44,41,472,23,4299.34607887807,0.472,27
48,41,575,58,2445.1682977298,0.575,27
59,53,657,9,4817.32916290832,0.657,27
56,,1000,,,1,27
58,,1000,,,1,27
62,,1000,,,1,27
61,62,1000,8,0,1,27
63,,1000,,,1,27
65,,1000,,,1,27
46,14,723,7,0,0.723,27
1,,1000,,,1,27
29,,1000,,,1,27
40,21,437,55,0,0.437,27
41,22,823,55,4817.32916290832,0.823,27
53,48,784,31,2445.1682977298,0.784,27
75,3,585,24,4820.3580457572,0.585,27
30,17,494,40,1241.94210276506,0.494,27
34,14,453,65,1159.93288674326,0.453,27
37,21,1000,30,2193.55162714132,1,27
18,16,750,17,2817.93651238023,0.75,27
31,17,513,23,5012.23495375645,0.513,27
35,34,517,2,1241.94210276506,0.517,27
28,75,480,59,0,0.48,27
45,,1000,,,1,27
21,,1000,,,1,27
14,,908,,,0.908,27
9,,1000,,,1,28
4,9,1000,17,1704.400491358,1,28
2,,1000,,,1,28
3,1,1000,6,1121.14990392779,1,28
5,,1000,,,1,28
6,4,635,38,2770.7957672317,0.635,28
7,5,859,17,660.393823652704,0.859,28
15,5,754,18,640.807621701291,0.754,28
10,2,999,29,2311.17358592333,0.999,28
13,3,424,40,925.236431388428,0.424,28
16,10,906,21,1026.75378202809,0.906,28
20,23,731,10,1049.58164185359,0.731,28
18,16,722,17,2476.65239480868,0.722,28
22,16,409,28,944.900091785097,0.409,28
28,20,432,20,2591.80656014145,0.432,28
33,20,390,25,954.011554637907,0.39,28
30,17,480,40,1129.79896894142,0.48,28
31,17,445,23,4781.35773940962,0.445,28
35,34,522,2,1230.5203168386,0.522,28
37,21,1000,30,2265.30258449254,1,28
39,35,452,9,2212.274929819,0.452,28
38,34,424,14,4021.05712894563,0.424,28
42,,1000,,,1,28
43,42,830,8,5277.55148874882,0.83,28
44,40,453,23,5161.82753562725,0.453,28
48,41,773,58,1937.82955179334,0.773,28
59,53,409,9,5158.6971748054,0.409,28
56,,1000,,,1,28
58,,988,,,0.988,28
62,,1000,,,1,28
61,62,1000,8,1689.13405855652,1,28
63,,1000,,,1,28
65,,766,,,0.766,28
46,14,499,7,651.483004985231,0.499,28
1,,1000,,,1,28
29,,1000,,,1,28
40,37,413,25,2083.75105308978,0.413,28
41,22,538,55,5293.61043980984,0.538,28
53,48,906,30,2117.18353345608,0.906,28
75,3,528,24,4664.03014770057,0.528,28
45,,1000,,,1,28
34,14,574,65,1285.97838954893,0.574,28
23,13,547,13,2438.64684753614,0.547,28
14,,915,,,0.915,28
21,,995,,,0.995,28
17,15,303,33,516.936178041237,0.303,28
9,,1000,,,1,29
4,9,1000,17,0,1,29
2,,1000,,,1,29
3,1,1000,6,0,1,29
5,1,497,11,10528.1831983032,0.497,29
6,4,679,38,2535.71856193369,0.679,29
7,5,911,17,0,0.911,29
15,5,749,18,0,0.749,29
10,2,1000,29,2411.97395529211,1,29
14,15,412,14,1159.93288674326,0.412,29
13,3,526,40,0,0.526,29
16,10,974,21,0,0.974,29
17,15,328,33,0,0.328,29
20,23,888,10,0,0.888,29
18,16,746,17,2817.93651238023,0.746,29
21,18,946,10,0,0.946,29
22,16,613,28,0,0.613,29
23,13,513,13,1893.50318128421,0.513,29
28,45,484,45,0,0.484,29
33,20,551,25,0,0.551,29
30,17,346,40,1241.94210276506,0.346,29
31,17,213,23,5012.23495375645,0.213,29
34,30,385,6,1241.94210276506,0.385,29
35,30,848,7,0,0.848,29
37,21,491,30,2193.55162714132,0.491,29
39,35,403,9,1984.31854577717,0.403,29
38,34,348,14,4545.81426775876,0.348,29
42,,1000,,,1,29
43,42,1000,8,4677.23007578044,1,29
44,41,398,24,4299.34607887807,0.398,29
48,41,486,58,2445.1682977298,0.486,29
59,53,633,9,4817.32916290832,0.633,29
56,,760,,,0.76,29
58,56,674,30,8521.82323949562,0.674,29
62,,1000,,,1,29
61,62,1000,8,0,1,29
63,56,1000,67,10913.3403803167,1,29
65,63,954,18,6281.18404371179,0.954,29
45,75,962,14,0,0.962,29
46,14,785,7,0,0.785,29
1,,1000,,,1,29
29,2,1000,82,10673.8356576988,1,29
40,21,431,55,0,0.431,29
41,37,237,23,8204.73935283055,0.237,29
53,41,506,88,0,0.506,29
75,3,365,24,4820.3580457572,0.365,29
9,,1000,,,1,30
4,9,1000,17,1541.69181928128,1,30
2,,1000,,,1,30
3,1,1000,6,1181.19285667247,1,30
5,,388,,,0.388,30
6,4,628,38,2602.31359276703,0.628,30
7,5,900,17,660.398897738984,0.9,30
15,5,754,18,640.806388522974,0.754,30
10,2,1000,29,2322.00732683151,1,30
14,15,446,14,1232.33416305463,0.446,30
13,3,381,40,904.585942630688,0.381,30
16,10,909,21,1098.74019242529,0.909,30
17,46,314,12,1206.66373350725,0.314,30
20,23,609,10,960.857866372901,0.609,30
18,16,719,17,2601.0345346375,0.719,30
21,18,806,10,991.41422899999,0.806,30
22,16,383,28,904.248852777214,0.383,30
23,13,416,13,2361.07840330047,0.416,30
28,20,323,20,2510.33452843726,0.323,30
33,20,319,25,924.502239866702,0.319,30
30,17,358,40,1119.72535201575,0.358,30
31,17,232,23,4783.36754335732,0.232,30
34,30,529,6,1121.70659137884,0.529,30
35,30,648,7,747.7960340689,0.648,30
37,21,440,30,2019.66801095234,0.44,30
39,35,405,9,2228.58401598909,0.405,30
38,34,323,14,3995.66725768092,0.323,30
42,,1000,,,1,30
43,42,1000,8,5435.9503965992,1,30
44,40,423,23,5305.20165821715,0.423,30
48,41,586,57,1980.42429065588,0.586,30
59,53,551,9,5528.03349260894,0.551,30
56,,693,,,0.693,30
58,56,797,30,7922.10166329777,0.797,30
62,,1000,,,1,30
61,62,1000,8,1630.94248420128,1,30
63,,819,,,0.819,30
65,63,958,18,6983.15939215365,0.958,30
45,75,829,14,1554.01304228038,0.829,30
46,14,572,7,651.483175937817,0.572,30
1,,1000,,,1,30
29,,306,,,0.306,30
40,37,410,25,1996.22932626286,0.41,30
41,37,286,23,7959.94366393207,0.286,30
53,48,802,30,2044.24472920736,0.802,30
75,3,379,24,4622.35141829705,0.379,30
9,,1000,,,1,31
4,9,1000,17,0,1,31
2,,1000,,,1,31
3,1,998,6,0,0.998,31
5,1,504,11,10528.1831983032,0.504,31
6,4,667,38,2535.71856193369,0.667,31
7,5,822,17,0,0.822,31
15,5,758,18,0,0.758,31
13,3,528,40,0,0.528,31
16,10,983,21,0,0.983,31
28,75,476,59,0,0.476,31
31,17,313,23,5012.23495375645,0.313,31
39,35,400,9,1984.31854577717,0.4,31
38,34,353,14,4545.81426775876,0.353,31
42,,1000,,,1,31
43,42,1000,8,4677.23007578044,1,31
44,41,406,23,4299.34607887807,0.406,31
48,41,465,57,2445.1682977298,0.465,31
59,53,610,9,4817.32916290832,0.61,31
56,,774,,,0.774,31
58,56,669,30,8521.82323949562,0.669,31
62,,1000,,,1,31
61,62,1000,8,0,1,31
63,56,1000,67,10913.3403803167,1,31
65,63,950,18,6281.18404371179,0.95,31
46,14,719,7,0,0.719,31
1,,1000,,,1,31
29,2,958,82,10673.8356576988,0.958,31
40,21,436,55,0,0.436,31
41,37,228,24,8204.73935283055,0.228,31
53,48,489,30,2445.1682977298,0.489,31
33,20,548,25,0,0.548,31
34,14,434,65,1159.93288674326,0.434,31
45,,996,,,0.996,31
22,16,628,28,0,0.628,31
23,13,684,13,1893.50318128421,0.684,31
30,17,373,40,1241.94210276506,0.373,31
37,21,984,30,2193.55162714132,0.984,31
75,3,296,24,4820.3580457572,0.296,31
17,15,392,33,0,0.392,31
14,,881,,,0.881,31
10,,965,,,0.965,31
20,23,912,10,0,0.912,31
35,34,487,2,1241.94210276506,0.487,31
21,,983,,,0.983,31
18,16,762,17,2817.93651238023,0.762,31
9,,1000,,,1,32
4,9,1000,17,1618.09641356072,1,32
2,,1000,,,1,32
3,1,998,6,1180.64156956358,0.998,32
5,,382,,,0.382,32
6,4,632,38,2653.73950044571,0.632,32
7,5,821,17,660.394147293745,0.821,32
15,5,733,18,660.391255727043,0.733,32
10,2,822,29,2270.89754517402,0.822,32
13,3,425,40,911.556163716181,0.425,32
16,10,849,21,1060.69378839173,0.849,32
20,23,711,10,996.485127455558,0.711,32
18,16,691,17,2464.18523530949,0.691,32
22,16,429,28,946.417512750777,0.429,32
28,20,405,20,2505.87362850859,0.405,32
33,20,362,25,835.861455064898,0.362,32
31,17,361,23,4725.55906061474,0.361,32
39,35,403,9,2237.43936046462,0.403,32
38,34,345,14,3987.23453725835,0.345,32
42,,1000,,,1,32
43,42,1000,8,5439.42116694494,1,32
44,40,393,23,5364.89688378289,0.393,32
48,41,560,58,1926.24552339849,0.56,32
59,53,560,8,5670.94437963355,0.56,32
56,,702,,,0.702,32
58,56,799,30,7934.41058147811,0.799,32
62,,1000,,,1,32
61,62,1000,8,1684.45656179275,1,32
63,,813,,,0.813,32
65,63,960,18,6960.08059631074,0.96,32
46,14,465,7,645.152804028353,0.465,32
1,,1000,,,1,32
29,,779,,,0.779,32
40,37,421,25,1889.75952060619,0.421,32
41,37,309,23,7956.94270524421,0.309,32
53,48,782,30,2045.31003930468,0.782,32
75,3,368,24,4683.41588535616,0.368,32
23,13,586,13,2478.70433898669,0.586,32
17,15,301,33,551.312970332584,0.301,32
35,34,512,2,1220.02905651857,0.512,32
34,14,571,65,1251.74396239291,0.571,32
14,,896,,,0.896,32
45,,992,,,0.992,32
21,,969,,,0.969,32
30,17,402,40,1168.03560900636,0.402,32
37,21,985,30,2265.29039711928,0.985,32
